key,doi,status,year,venue,title
PBFT-classic,10.1145/571637.571640,PASS,2002,"ACM Transactions on Computer Systems","Practical byzantine fault tolerance and proactive recovery"
HotStuff-classic,10.1145/3293611.3331591,PASS,2019,"Proceedings of the 2019 ACM Symposium on Principles of Distributed Computing","HotStuff"
DumboNG,10.1145/3548606.3559379,PASS,2022,"Proceedings of the 2022 ACM SIGSAC Conference on Computer and Communications Security","Dumbo-NG"
SquirRL,10.14722/ndss.2021.24188,PASS,2021,"Proceedings 2021 Network and Distributed System Security Symposium","SquirRL: Automating Attack Analysis on Blockchain Incentive Mechanisms with Deep Reinforcement Learning"
DA-PBFT,10.1109/TC.2024.3377921,PASS,2024,"IEEE Transactions on Computers","A Dynamic Adaptive Framework for Practical Byzantine Fault Tolerance Consensus Protocol in the Internet of Things"
DAGWise,10.1109/ICBC64466.2025.11114520,PASS,2025,"2025 IEEE International Conference on Blockchain and Cryptocurrency (ICBC)","Optimized Consensus with DAGWise: A GNN-Enhanced Approach for Scalable and Fault-Tolerant DAG-Based BFT"
DESAC,10.1109/TITS.2025.3559672,PASS,2025,"IEEE Transactions on Intelligent Transportation Systems","Trust Model-Based Consensus Optimization for Vehicle Platooning Networks: A Novel Deep Reinforcement Learning Approach With GenAI"
R-MADRL,10.1109/TWC.2025.3544478,PASS,2025,"IEEE Transactions on Wireless Communications","Dynamic Blockchain-Empowered Trustworthy End-Edge Collaborative Computing via Rotating Multi-Agent DRL"
rPoA,10.32604/cmes.2023.046826,PASS,2024,"Computer Modeling in Engineering &amp; Sciences","On Designs of Decentralized Reputation Management for Permissioned Blockchain Networks"
WBR,10.1109/JIOT.2023.3340974,PASS,2024,"IEEE Internet of Things Journal","A Reputation System for Provably-Robust Decision Making in IoT Blockchain Networks"
ShardComm,10.1109/TCC.2022.3217856,PASS,2023,"IEEE Transactions on Cloud Computing","An Efficient and Robust Committee Structure for Sharding Blockchain"
VTchain,10.1109/TMC.2023.3294968,PASS,2024,"IEEE Transactions on Mobile Computing","A Vehicular Trust Blockchain Framework With Scalable Byzantine Consensus"
AWARE,10.1109/TDSC.2020.3030605,PASS,2022,"IEEE Transactions on Dependable and Secure Computing","AWARE: Adaptive Wide-Area Replication for Fast and Resilient Byzantine Consensus"
IssaFL,10.1145/3560816,PASS,2023,"ACM Computing Surveys","Blockchain-Based Federated Learning for Securing Internet of Things: A Comprehensive Survey"
RepChain,10.1109/JIOT.2020.3028449,PASS,2021,"IEEE Internet of Things Journal","RepChain: A Reputation-Based Secure, Fast, and High Incentive Blockchain System via Sharding"
Bullshark,10.1145/3548606.3559361,PASS,2022,"Proceedings of the 2022 ACM SIGSAC Conference on Computer and Communications Security","Bullshark"
Narwhal,10.1145/3492321.3519594,PASS,2022,"Proceedings of the Seventeenth European Conference on Computer Systems","Narwhal and Tusk"
Jolteon,10.1007/978-3-031-18283-9_14,PASS,2022,"Lecture Notes in Computer Science","Jolteon and Ditto: Network-Adaptive Efficient Consensus with Asynchronous Fallback"
Mysticeti,10.1109/SP63933.2026.00009,PASS,2026,"2026 IEEE Symposium on Security and Privacy (SP)","Mechanized Safety and Liveness Proofs for the Mysticeti Consensus Protocol Under the LiDO-DAG Framework"
BFTdelay,10.1016/j.comcom.2025.108278,PASS,2025,"Computer Communications","Delay analysis of BFT consensus : Case study of Narwhal and Bullshark protocols"
Fountain,10.1109/TNSM.2025.3576128,PASS,2025,"IEEE Transactions on Network and Service Management","Fountain: DAG-Based Separate BFT Consensus Made Hashgraph Practical"
HierBFTrep,10.3390/s22155887,PASS,2022,"Sensors","A Hierarchy Byzantine Fault Tolerance Consensus Protocol Based on Node Reputation"
JointRep,10.1109/ACCESS.2023.3305375,PASS,2023,"IEEE Access","Joint Reputation Based Grouping and Hierarchical Byzantine Fault Tolerance Consensus Protocol"
CompRep,10.1007/s12083-022-01408-2,PASS,2023,"Peer-to-Peer Networking and Applications","Practical Byzantine fault tolerance consensus based on comprehensive reputation"
RLconsensus,10.3389/frai.2025.1672273,PASS,2025,"Frontiers in Artificial Intelligence","Adaptive consensus optimization in blockchain using reinforcement learning and validation in adversarial environments"
PoSsurvey,10.1155/2022/2812526,PASS,2022,"Security and Communication Networks","Survey of Consensus Algorithms for Proof of Stake in Blockchain"
IslamSurvey,10.1109/ACCESS.2023.3267047,PASS,2023,"IEEE Access","A Survey on Consensus Algorithms in Blockchain-Based Applications: Architecture, Taxonomy, and Operational Issues"
BenchSLR,10.1109/ACCESS.2022.3188123,PASS,2022,"IEEE Access","A Systematic Literature Review Toward a Blockchain Benchmarking Framework"
RessiAI,10.1016/j.jnca.2024.103858,PASS,2024,"Journal of Network and Computer Applications","AI-enhanced blockchain technology: A review of advancements and opportunities"
ZhangDL,10.1016/j.isci.2023.108509,PASS,2024,"iScience","A survey of deep learning applications in cryptocurrency"
GameInc,10.1016/j.comnet.2025.111827,PASS,2026,"Computer Networks","Game theory based incentive mechanism for a bi-tiered public blockchain system"
FlwrBC,10.1109/ACCESS.2023.3320045,PASS,2023,"IEEE Access","FlwrBC: Incentive Mechanism Design for Federated Learning by Using Blockchain"
PoCL,10.1109/BLOCKCHAIN62396.2024.00055,PASS,2024,"2024 IEEE International Conference on Blockchain (Blockchain)","Proof-of-Collaborative-Learning: A Multi-winner Federated Learning Consensus Algorithm"
RepLeader,10.1109/ICBCTIS66509.2025.11387282,PASS,2025,"2025 IEEE International Conference on Blockchain Technology and Information Security (ICBCTIS)","Reputation-Enhanced Leader Election for Blockchain Consensus"
DeTRM,10.1109/ICBC54727.2022.9805565,PASS,2022,"2022 IEEE International Conference on Blockchain and Cryptocurrency (ICBC)","DeTRM: Decentralised Trust and Reputation Management for Blockchain-based Supply Chains"
SIoTtrust,10.3390/electronics11233871,PASS,2022,"Electronics","Blockchain-Based Trust and Reputation Management in SIoT"
PPO-classic,10.48550/arXiv.1707.06347,PASS(datacite),2017,arXiv,Proximal Policy Optimization Algorithms
TRep,10.48550/arXiv.2505.14551,PASS(datacite),2025,arXiv,Game of Trust: How Trustworthy Does Your Blockchain Think You Are?
