workload,scheme,n_seeds,tps_t,tps_p,tps_cohend,tps_paired_diff,lat_t,lat_p,lat_cohend,lat_paired_diff
bursty,B1-PBFT,10,6.298170861806949,0.00013668640889920897,2.816627636181752,3082.9752801662808,-5.731231308220301,7.445921767870387e-05,-2.5630845599902834,-7.7705018530898515
bursty,B2-HotStuff,10,6.156851034659941,0.00015717024905390894,2.753427488167906,3019.3457625345177,-3.207565354332046,0.007983560734415522,-1.434466834911544,-5.316557087756028
bursty,B3-DAPBFT,10,1.1552431219757164,0.2631466394831042,0.5166404302553563,776.0215088310663,-2.114206576086079,0.04933945580939935,-0.9455019245206471,-1.9282300107576238
bursty,B4-StaticTrust,10,5.916579555220181,0.00020574756164218203,2.6459748159515573,2906.6692571428734,-3.092474869070297,0.008114432995125143,-1.3829968051896835,-3.782027939627631
bursty,B5-Tendermint,10,5.998633020057728,0.00019089918290272632,2.682670240984786,2941.82101413558,-5.230655451513778,0.00017142855855192493,-2.3392202312921584,-7.070565233605241
real,B1-PBFT,10,-8.251978228800295,1.7262260447988864e-05,-3.6903968536885206,-21.490276575333695,-1.0131234857061795,0.32617857325764876,-0.4530825967267127,-0.14682660968843783
real,B2-HotStuff,10,67.46522672823565,1.7440654657842744e-13,30.171366616348948,175.69696555514255,-2.6960550978995137,0.017409160877506557,-1.2057124939954638,-0.6702364342551407
real,B3-DAPBFT,10,-8.28565710270115,1.6706123935110474e-05,-3.7054585039781083,-21.577961561147276,-1.0114647368614043,0.3269493906603753,-0.4523407816918114,-0.14657363819442862
real,B4-StaticTrust,10,-8.253278529459134,1.7240844335892412e-05,-3.6909783658213913,-21.49364008821063,1.4716721954014733,0.16063542234545644,0.6581518139007787,0.21327745351277594
real,B5-Tendermint,10,-8.265692591750312,1.703364341236895e-05,-3.6965301032533886,-21.525969098058834,-1.3226857287249352,0.20389802022673045,-0.5915230404577831,-0.19689900393488605
