scheme,n,tps_m,tps_s,tps_med,tps_q1,tps_q3,lat_m,lat_s,lat_med,lat_q1,lat_q3,lat95_m,msgs_m,dr_m,fpr_m,alarms_m,stalls_m,k_m,b_m,sw_m,energy_m
AdaTrust,4,3350.1782568851168,4035.4030529618954,1058.6502690334896,891.6166067272817,5296.39154933892,2.394529631971634,3.8625125419482624,0.8259518341848143,0.43728926061203416,2.198220543342771,2.641781503375881,243.17333333333335,0.0,0.0,0.0,0.0,4.0,0.0,253,0.7538373333333334
AdaTrust,16,3265.3058982944253,3986.520988840363,1056.1297652125131,873.639942960494,4703.275843315894,2.472342730259076,3.8913743884982033,0.9253035571222401,0.4887812373961839,2.220191158242124,2.7196582812611063,1143.1466666666668,0.9946666666666667,0.0,0.0,0.0,8.578666666666667,0.5193333333333333,261,3.5437546666666666
AdaTrust,64,3168.783965233832,3844.680440486843,1048.5999921670673,870.278217358293,4776.477173834199,2.640660389959324,4.198197085330167,0.8937280275996882,0.5091324996499268,2.5962738319025744,2.8836508039540303,1974.32,0.9364444444444445,0.0,0.0,0.0,10.512,0.05466666666666667,263,6.120392
AdaTrust,256,3230.550493839212,3925.5639191115292,1052.5671182529547,901.8587762015202,4484.408326192981,2.5373729720855835,3.9391924316358446,0.9169860250424662,0.5093956211602291,2.291318730447188,2.7923946437245433,1954.6133333333332,0.6943589743589743,0.0,0.015333333333333332,0.0,10.536,0.184,251,6.059301333333333
B1-PBFT,4,482.0849424308798,461.79859864418177,272.3472692918567,128.10528620400157,902.9442376960154,5.024323110501724,4.622915560343529,3.759905796483361,0.7056740782896169,7.993426889979054,5.1347756483389215,280.0,0.0,0.0,0.0,0.0,4.0,0.0,0,0.868
B1-PBFT,16,392.3283996101574,386.1071168367081,201.18402605261596,106.63028315493344,702.0102941323025,6.069074862221455,4.948422981228456,5.089867624710765,1.4384327089279823,9.603280004025512,6.180001078620798,4960.0,0.9996666666666667,0.0,0.0,0.0,16.0,2.0,0,15.376
B1-PBFT,64,201.39483784689185,267.44373799676276,103.65205941836771,71.19695215697422,147.2957422324511,10.31043990947805,5.577595116838519,9.87920563252721,6.952,14.38263814998608,10.396941569018361,81280.0,0.9996666666666667,0.0,0.0,0.0,64.0,6.0,0,251.968
B1-PBFT,256,36.6162198992923,6.629538189867967,36.9428063879649,32.73799821922574,40.039732954250276,28.636802314020038,4.2013468519590464,27.71852256329815,25.57459657197399,31.27863814998608,28.681573432412755,1308160.0,0.9996410256410257,0.0,0.0,0.0,256.0,26.0,0,4055.296
B2-HotStuff,4,265.0243554786544,234.75889131722366,171.76763383366153,79.97822187435625,459.46336935403616,7.856495144144227,6.676817135865392,5.961544297268755,1.7562561426936292,12.803485777131504,7.9492133995259255,120.0,0.0,0.0,0.0,0.0,4.0,0.0,10,0.372
B2-HotStuff,16,265.0243554786544,234.75889131722366,171.76763383366153,79.97822187435625,459.46336935403616,7.856495144144227,6.676817135865392,5.961544297268755,1.7562561426936292,12.803485777131504,7.9492133995259255,480.0,0.9996666666666667,0.0,0.0,0.0,16.0,2.0,10,1.488
B2-HotStuff,64,265.0243554786544,234.75889131722366,171.76763383366153,79.97822187435625,459.46336935403616,7.856495144144227,6.676817135865392,5.961544297268755,1.7562561426936292,12.803485777131504,7.9492133995259255,1920.0,0.9996666666666667,0.0,0.0,0.0,64.0,6.0,10,5.952
B2-HotStuff,256,265.0243554786544,234.75889131722366,171.76763383366153,79.97822187435625,459.46336935403616,7.856495144144227,6.676817135865392,5.961544297268755,1.7562561426936292,12.803485777131504,7.9492133995259255,7680.0,0.9996410256410257,0.0,0.0,0.0,256.0,26.0,10,23.808
